sequence,open_time,close,ema9,ema26,crossover_type,days_from_start,price_diff_abs
1,2025-01-31 16:30:00,3403.09,3398.922,3398.265925925926,金叉,-0.3125,0.0
2,2025-01-31 17:30:00,3375.88,3394.0028800000005,3396.519511253366,死叉,-0.2708333333333333,27.210000000000036
3,2025-02-03 16:00:00,2698.0,2637.471666437832,2631.570828420325,金叉,2.6666666666666665,677.8800000000001
4,2025-02-04 06:00:00,2696.71,2758.548931335349,2767.5592932335567,死叉,3.25,1.2899999999999636
5,2025-02-04 12:00:00,2788.32,2748.877874564393,2748.309634667885,金叉,3.5,91.61000000000013
6,2025-02-04 21:00:00,2700.1,2763.6666405304068,2773.605677566746,死叉,3.875,88.22000000000025
7,2025-02-05 06:00:00,2760.2,2741.453754280979,2740.4413296086223,金叉,4.25,60.09999999999991
8,2025-02-05 17:30:00,2740.69,2768.2955815287914,2770.2020916733636,死叉,4.729166666666667,19.509999999999764
9,2025-02-05 21:30:00,2787.0,2768.8765780763424,2767.4096596515546,金叉,4.895833333333333,46.309999999999945
10,2025-02-05 22:30:00,2760.1,2766.2626099688596,2766.6007370126495,死叉,4.9375,26.90000000000009
11,2025-02-05 23:30:00,2788.25,2770.6372703800703,2768.1714137625595,金叉,4.979166666666667,28.15000000000009
12,2025-02-06 12:30:00,2770.88,2809.028834033536,2811.244600285109,死叉,5.520833333333333,17.36999999999989
13,2025-02-07 09:00:00,2736.7,2719.57809259226,2717.840744280167,金叉,6.375,34.18000000000029
14,2025-02-07 16:30:00,2693.86,2734.1617073797556,2735.9513376993045,死叉,6.6875,42.83999999999969
15,2025-02-08 18:30:00,2631.63,2621.436782391084,2621.1035094608396,金叉,7.770833333333333,62.23000000000002
16,2025-02-09 13:30:00,2618.38,2648.8387783992057,2652.065674275788,死叉,8.5625,13.25
17,2025-02-10 05:30:00,2638.4,2624.1555276739036,2623.5483332313825,金叉,9.229166666666666,20.019999999999982
18,2025-02-11 13:00:00,2675.52,2693.2487723801414,2693.4978486721448,死叉,10.541666666666666,37.11999999999989
19,2025-02-12 08:30:00,2629.94,2615.8533028512593,2615.556499838845,金叉,11.354166666666666,45.57999999999993
20,2025-02-12 14:00:00,2570.37,2613.8580235897302,2617.49579101201,死叉,11.583333333333334,59.570000000000164
21,2025-02-12 17:00:00,2683.2,2627.7943542159064,2620.4167160809134,金叉,11.708333333333334,112.82999999999993
22,2025-02-13 08:00:00,2676.15,2698.805522604673,2701.8845514898658,死叉,12.333333333333334,7.049999999999727
23,2025-02-13 22:30:00,2668.78,2658.1996571130976,2657.987313651256,金叉,12.9375,7.369999999999891
24,2025-02-15 05:30:00,2722.46,2724.4468283106685,2724.635258005636,死叉,14.229166666666666,53.679999999999836
25,2025-02-16 04:30:00,2703.38,2697.9131384747334,2697.7243335422827,金叉,15.1875,19.079999999999927
26,2025-02-16 14:00:00,2683.57,2698.7820373702425,2700.4788193809723,死叉,15.583333333333334,19.809999999999945
27,2025-02-17 07:30:00,2681.59,2677.9408410575725,2677.487046028269,金叉,16.3125,1.9800000000000182
28,2025-02-17 19:00:00,2707.62,2730.046199377655,2733.0208622757536,死叉,16.791666666666668,26.029999999999745
29,2025-02-17 21:00:00,2761.31,2736.294811265088,2734.421486649442,金叉,16.875,53.690000000000055
30,2025-02-18 00:30:00,2720.99,2735.9143702754204,2736.8002667384035,死叉,17.020833333333332,40.320000000000164
31,2025-02-19 02:00:00,2680.19,2666.965802593014,2664.913265886955,金叉,18.083333333333332,40.79999999999973
32,2025-02-20 16:00:00,2725.86,2732.3710863369697,2733.0592068251335,死叉,19.666666666666668,45.67000000000007
33,2025-02-20 18:30:00,2737.7,2733.2840487708986,2732.7686002182395,金叉,19.770833333333332,11.83999999999969
34,2025-02-20 22:30:00,2728.55,2735.9415180550395,2736.112412677332,死叉,19.9375,9.149999999999636
35,2025-02-20 23:00:00,2739.5,2736.6532144440316,2736.363345071604,金叉,19.958333333333332,10.949999999999818
36,2025-02-21 01:00:00,2733.29,2736.2509326362756,2736.3505390223845,死叉,20.041666666666668,6.210000000000036
37,2025-02-21 01:30:00,2741.21,2737.2427461090206,2736.7104990948005,金叉,20.0625,7.920000000000073
38,2025-02-21 16:30:00,2736.78,2770.6948412395896,2774.125784080251,死叉,20.6875,4.429999999999836
39,2025-02-22 09:00:00,2706.21,2689.1775495131674,2687.680622942665,金叉,21.375,30.570000000000164
40,2025-02-24 02:00:00,2785.17,2800.916027186852,2802.466142556853,死叉,23.083333333333332,78.96000000000004
41,2025-02-25 20:00:00,2501.24,2441.6408367725103,2436.984956220338,金叉,24.833333333333332,283.9300000000003
42,2025-02-26 12:00:00,2456.52,2475.9568203015915,2479.0109401239415,死叉,25.5,44.7199999999998
43,2025-02-27 10:00:00,2369.02,2354.5465975856637,2352.4518899468135,金叉,26.416666666666668,87.5
44,2025-02-27 13:30:00,2336.89,2351.0955036779974,2352.744404175362,死叉,26.5625,32.13000000000011
45,2025-02-28 15:30:00,2223.01,2172.5625542503976,2166.8555666352204,金叉,27.645833333333332,113.87999999999965
46,2025-03-01 10:30:00,2204.8,2228.15350500428,2231.3570172531604,死叉,28.4375,18.210000000000036
47,2025-03-01 19:00:00,2223.71,2201.2718960674047,2200.971092166042,金叉,28.791666666666668,18.909999999999854
48,2025-03-02 14:00:00,2193.46,2220.0879209147542,2222.8442875836554,死叉,29.583333333333332,30.25
49,2025-03-02 16:00:00,2267.1,2230.9960444066837,2226.0508418382574,金叉,29.666666666666668,73.63999999999987
50,2025-03-03 07:00:00,2376.39,2419.8768586930028,2426.2338457781216,死叉,30.291666666666668,109.28999999999996
51,2025-03-04 18:30:00,2148.06,2103.5074899156625,2098.7414691266217,金叉,31.770833333333332,228.32999999999993
52,2025-03-05 15:30:00,2186.82,2196.680584939023,2196.776178056176,死叉,32.645833333333336,38.76000000000022
53,2025-03-05 18:30:00,2205.15,2196.9906192582557,2196.286700535981,金叉,32.770833333333336,18.329999999999927
54,2025-03-06 13:30:00,2246.29,2274.618988761043,2274.7683453703753,死叉,33.5625,41.13999999999987
55,2025-03-07 09:30:00,2193.46,2187.1889077672568,2186.8000765658144,金叉,34.395833333333336,52.82999999999993
56,2025-03-07 16:30:00,2158.41,2186.3144414668222,2189.125992486791,死叉,34.6875,35.05000000000018
57,2025-03-08 12:30:00,2168.59,2147.7161121351273,2146.0264727733397,金叉,35.520833333333336,10.180000000000291
58,2025-03-09 03:30:00,2186.01,2192.4113582063346,2193.1479834942215,死叉,36.145833333333336,17.420000000000073
59,2025-03-10 06:00:00,2061.1,2059.2096401225945,2059.1330360887764,金叉,37.25,124.91000000000031
60,2025-03-10 14:30:00,2018.96,2072.8475670690727,2077.2236701683996,死叉,37.604166666666664,42.13999999999987
61,2025-03-11 09:00:00,1926.41,1901.3574008473888,1898.5990928229214,金叉,38.375,92.54999999999995
62,2025-03-11 14:00:00,1872.08,1901.104148798562,1902.463583492303,死叉,38.583333333333336,54.330000000000155
63,2025-03-11 16:00:00,1922.82,1904.0555553478914,1902.6033085924512,金叉,38.666666666666664,50.74000000000001
64,2025-03-12 02:00:00,1905.24,1920.6020229817839,1921.86062649448,死叉,39.083333333333336,17.579999999999927
65,2025-03-12 11:30:00,1916.84,1903.2120582684724,1901.896876068602,金叉,39.479166666666664,11.599999999999909
66,2025-03-12 14:00:00,1877.79,1900.7758136534135,1902.4261426767516,死叉,39.583333333333336,39.049999999999955
67,2025-03-12 22:00:00,1905.94,1890.4341379508012,1888.749811743273,金叉,39.916666666666664,28.15000000000009
68,2025-03-13 04:00:00,1877.52,1892.1514576110162,1893.4209286255075,死叉,40.166666666666664,28.420000000000073
69,2025-03-13 11:00:00,1891.28,1885.5008078478445,1884.8335192684656,金叉,40.458333333333336,13.759999999999991
70,2025-03-13 15:00:00,1880.59,1886.5276258639783,1886.8730879523396,死叉,40.625,10.690000000000055
71,2025-03-14 01:00:00,1877.34,1868.5071219030135,1867.7010808059508,金叉,41.041666666666664,3.25
72,2025-03-15 02:00:00,1908.0,1915.608998446011,1916.6451617652313,死叉,42.083333333333336,30.660000000000082
73,2025-03-15 03:30:00,1920.44,1917.3162872043579,1917.0932618290776,金叉,42.145833333333336,12.440000000000055
74,2025-03-16 01:30:00,1922.49,1934.3050602516842,1935.0476960434821,死叉,43.0625,2.0499999999999545
75,2025-03-17 02:00:00,1910.87,1897.7545950893327,1896.911377520436,金叉,44.083333333333336,11.620000000000118
76,2025-03-17 06:00:00,1886.12,1898.659553750463,1898.9008517608272,死叉,44.25,24.75
77,2025-03-17 08:00:00,1900.53,1898.96725721619,1898.878487356213,金叉,44.333333333333336,14.410000000000082
78,2025-03-17 14:30:00,1899.84,1902.7364150877017,1902.9361631960141,死叉,44.604166666666664,0.6900000000000546
79,2025-03-17 15:00:00,1912.29,1904.6471320701617,1903.6290399963093,金叉,44.625,12.450000000000045
80,2025-03-18 01:30:00,1903.55,1921.0506461798702,1922.4702973974065,死叉,45.0625,8.740000000000009
81,2025-03-18 21:00:00,1912.19,1898.5860756985953,1896.547876099326,金叉,45.875,8.6400000000001
82,2025-03-20 05:00:00,2013.0,2025.1983869919773,2025.3635963353468,死叉,47.208333333333336,100.80999999999995
83,2025-03-21 01:30:00,1994.28,1984.647046333841,1984.03852810948,金叉,48.0625,18.720000000000027
84,2025-03-21 03:30:00,1978.17,1983.5533661783415,1983.884929395296,死叉,48.145833333333336,16.1099999999999
85,2025-03-21 04:00:00,1986.87,1984.2166929426733,1984.106045736385,金叉,48.166666666666664,8.699999999999818
86,2025-03-21 04:30:00,1983.34,1984.0413543541385,1984.049301607764,死叉,48.1875,3.5299999999999727
87,2025-03-21 19:00:00,1974.93,1966.1573482911078,1966.0979811153518,金叉,48.791666666666664,8.409999999999854
88,2025-03-22 23:00:00,1979.22,1987.635899805151,1988.9294472329827,死叉,49.958333333333336,4.289999999999964
89,2025-03-23 01:30:00,1998.04,1989.1079684481522,1988.8226774634888,金叉,50.0625,18.819999999999936
90,2025-03-23 17:00:00,1998.4,2004.6546595074112,2005.3745961566178,死叉,50.708333333333336,0.36000000000012733
91,2025-03-24 03:30:00,2014.48,1999.8479121534958,1998.7731716132607,金叉,51.145833333333336,16.079999999999927
92,2025-03-25 01:30:00,2065.18,2077.7021533880616,2078.65599798223,死叉,52.0625,50.69999999999982
93,2025-03-25 11:00:00,2070.35,2065.372633510543,2064.8588200606464,金叉,52.458333333333336,5.170000000000073
94,2025-03-25 12:30:00,2059.6,2064.476228357398,2064.6763635344005,死叉,52.520833333333336,10.75
95,2025-03-25 13:00:00,2072.28,2066.0369826859187,2065.2395958651855,金叉,52.541666666666664,12.680000000000291
96,2025-03-25 22:00:00,2058.59,2066.9256817199503,2067.6587915719215,死叉,52.916666666666664,13.690000000000055
97,2025-03-26 00:30:00,2071.72,2067.767544985994,2067.5980456200978,金叉,53.020833333333336,13.129999999999654
98,2025-03-26 02:30:00,2048.5,2064.5204984262637,2066.651294443505,死叉,53.104166666666664,23.2199999999998
99,2025-03-26 08:00:00,2068.29,2063.914176566094,2063.434874129738,金叉,53.333333333333336,19.789999999999964
100,2025-03-26 09:00:00,2059.31,2062.9398730023004,2063.139281661298,死叉,53.375,8.980000000000018
101,2025-03-26 10:00:00,2068.42,2063.9863187214723,2063.4955158275875,金叉,53.416666666666664,9.110000000000127
102,2025-03-26 13:00:00,2053.89,2063.801168094922,2064.173635192806,死叉,53.541666666666664,14.5300000000002
103,2025-03-27 03:00:00,2031.2,2021.1714872495265,2020.3533075211612,金叉,54.125,22.689999999999827
104,2025-03-27 11:30:00,2016.21,2023.274762265886,2023.8283913025955,死叉,54.479166666666664,14.990000000000009
105,2025-03-29 01:00:00,1902.84,1897.147860494535,1896.644975895371,金叉,56.041666666666664,113.37000000000012
106,2025-03-29 05:00:00,1886.95,1895.7491296649475,1896.9269234664766,死叉,56.208333333333336,15.889999999999873
107,2025-03-30 04:30:00,1842.86,1836.1600795920322,1835.4043829048724,金叉,57.1875,44.090000000000146
108,2025-03-30 11:30:00,1833.27,1836.839953486269,1837.3323528474716,死叉,57.479166666666664,9.589999999999918
109,2025-03-31 12:30:00,1834.16,1810.471682276101,1806.7716877901955,金叉,58.520833333333336,0.8900000000001
110,2025-04-02 02:00:00,1881.61,1895.3140747300326,1895.647582762897,死叉,60.083333333333336,47.44999999999982
111,2025-04-02 15:30:00,1901.21,1879.8344708492555,1876.734425247616,金叉,60.645833333333336,19.600000000000136
112,2025-04-02 21:30:00,1867.12,1884.024667389476,1884.6565617392803,死叉,60.895833333333336,34.090000000000146
113,2025-04-03 22:00:00,1808.58,1796.1529257608831,1794.3719038751315,金叉,61.916666666666664,58.539999999999964
114,2025-04-04 03:00:00,1795.46,1798.6474623040153,1798.7549948176918,死叉,62.125,13.11999999999989
115,2025-04-04 06:00:00,1807.5,1799.433250918224,1798.498310225309,金叉,62.25,12.039999999999964
116,2025-04-04 11:00:00,1767.44,1799.678359256559,1802.5680885957645,死叉,62.458333333333336,40.059999999999945
117,2025-04-04 17:30:00,1821.35,1800.4974754279606,1798.4953085964275,金叉,62.729166666666664,53.909999999999854
118,2025-04-05 12:00:00,1803.48,1811.5163355324844,1812.4340819289184,死叉,63.5,17.86999999999989
119,2025-04-05 23:30:00,1806.01,1796.2555392212525,1795.8561077626869,金叉,63.979166666666664,2.5299999999999727
120,2025-04-06 08:00:00,1786.31,1799.9746570250545,1801.6697080302226,死叉,64.33333333333333,19.700000000000045
121,2025-04-07 15:30:00,1556.56,1538.0321412632966,1536.7870725084722,金叉,65.64583333333333,229.75
122,2025-04-08 09:30:00,1568.23,1570.9590728050337,1571.1605559759835,死叉,66.39583333333333,11.670000000000073
123,2025-04-08 11:30:00,1588.32,1573.8405162209422,1572.077531274626,金叉,66.47916666666667,20.089999999999918
124,2025-04-08 14:00:00,1557.64,1570.9130907552787,1571.6962393605152,死叉,66.58333333333333,30.679999999999836
125,2025-04-09 08:30:00,1482.49,1468.4541179468654,1467.4764377944362,金叉,67.35416666666667,75.15000000000009
126,2025-04-09 12:00:00,1448.95,1465.6504429880506,1467.7999878013563,死叉,67.5,33.539999999999964
127,2025-04-09 13:30:00,1487.53,1468.3619068098822,1468.2308616265911,金叉,67.5625,38.57999999999993
128,2025-04-10 08:00:00,1595.33,1610.1705621604708,1611.1263263297406,死叉,68.33333333333333,107.79999999999995
129,2025-04-11 04:00:00,1550.55,1538.3549587752777,1537.6936852094052,金叉,69.16666666666667,44.77999999999997
130,2025-04-12 01:30:00,1554.68,1562.6497558564183,1563.4781625264918,死叉,70.0625,4.130000000000109
131,2025-04-12 05:30:00,1568.56,1562.5030886395043,1561.983054579941,金叉,70.22916666666667,13.879999999999882
132,2025-04-13 02:30:00,1625.4,1631.8254547397719,1632.6875487223904,死叉,71.10416666666667,56.840000000000146
133,2025-04-13 18:00:00,1627.49,1609.7494733950005,1608.4651212919503,金叉,71.75,2.089999999999918
134,2025-04-13 20:30:00,1590.76,1605.8159426420743,1607.7950420848574,死叉,71.85416666666667,36.73000000000002
135,2025-04-14 01:00:00,1619.47,1607.1185536091982,1605.6151671312919,金叉,72.04166666666667,28.710000000000036
136,2025-04-14 17:00:00,1641.58,1644.760082968783,1645.0049747114874,死叉,72.70833333333333,22.1099999999999
137,2025-04-14 17:30:00,1648.11,1645.4300663750266,1645.2349765847107,金叉,72.72916666666667,6.529999999999973
138,2025-04-14 18:00:00,1641.17,1644.5780531000214,1644.9338672080655,死叉,72.75,6.939999999999827
139,2025-04-15 05:00:00,1641.96,1635.106921550747,1634.5432140181738,金叉,73.20833333333333,0.7899999999999636
140,2025-04-15 11:30:00,1632.05,1636.3114538574957,1636.9212736054542,死叉,73.47916666666667,9.910000000000082
141,2025-04-15 13:00:00,1640.03,1637.3245043750383,1637.1438622204553,金叉,73.54166666666667,7.980000000000018
142,2025-04-15 13:30:00,1629.0,1635.6596035000307,1636.5406131670884,死叉,73.5625,11.029999999999973
143,2025-04-16 15:00:00,1605.44,1585.3321092269055,1584.1593156170948,金叉,74.625,23.559999999999945
144,2025-04-16 17:30:00,1545.7,1581.785606351473,1583.633783289082,死叉,74.72916666666667,59.74000000000001
145,2025-04-16 21:30:00,1592.03,1582.6274830536968,1582.11391832548,金叉,74.89583333333333,46.32999999999993
146,2025-04-16 23:30:00,1577.14,1581.8059130587947,1582.0581420814174,死叉,74.97916666666667,14.889999999999873
147,2025-04-17 00:30:00,1585.2,1582.6581843576287,1582.347927024535,金叉,75.02083333333333,8.059999999999945
148,2025-04-17 14:00:00,1576.52,1592.4013605103082,1592.7983623343519,死叉,75.58333333333333,8.680000000000064
149,2025-04-17 16:30:00,1605.38,1592.6174250120182,1591.9008222250939,金叉,75.6875,28.860000000000127
150,2025-04-17 20:00:00,1588.14,1592.6102619058806,1593.2857852536254,死叉,75.83333333333333,17.24000000000001
151,2025-04-18 09:30:00,1588.44,1585.4410008773127,1585.1872612639163,金叉,76.39583333333333,0.2999999999999545
152,2025-04-18 16:00:00,1584.51,1586.4750666138011,1586.6786086054938,死叉,76.66666666666667,3.9300000000000637
153,2025-04-18 17:30:00,1591.86,1587.7320341062666,1587.1206695859796,金叉,76.72916666666667,7.349999999999909
154,2025-04-19 00:30:00,1586.21,1589.8844216766458,1590.0505180721725,死叉,77.02083333333333,5.649999999999864
155,2025-04-19 02:00:00,1594.71,1590.854983898443,1590.374639276416,金叉,77.08333333333333,8.5
156,2025-04-20 06:30:00,1605.44,1611.1902493687742,1611.8471044214741,死叉,78.27083333333333,10.730000000000018
157,2025-04-21 00:00:00,1609.59,1589.5644167702712,1587.0559338072476,金叉,79.0,4.149999999999864
158,2025-04-21 13:30:00,1611.88,1626.9551781663793,1627.167067270369,死叉,79.5625,2.290000000000191
159,2025-04-21 14:00:00,1637.34,1629.0321425331035,1627.9206178429342,金叉,79.58333333333333,25.45999999999981
160,2025-04-21 16:00:00,1613.66,1625.6281095815593,1627.015822838088,死叉,79.66666666666667,23.679999999999836
161,2025-04-22 07:30:00,1619.21,1589.5445973340652,1586.9211747842558,金叉,80.3125,5.5499999999999545
162,2025-04-24 02:30:00,1779.36,1790.6079326059953,1791.1097427915442,死叉,82.10416666666667,160.14999999999986
163,2025-04-24 16:30:00,1770.4,1764.2595629200991,1763.439229785558,金叉,82.6875,8.959999999999809
164,2025-04-24 17:30:00,1755.41,1761.7297202688637,1762.574977525341,死叉,82.72916666666667,14.990000000000009
165,2025-04-24 20:00:00,1766.29,1762.9445131377017,1762.7487308040888,金叉,82.83333333333333,10.879999999999882
166,2025-04-24 21:00:00,1752.55,1760.7160884081293,1761.9426018553575,死叉,82.875,13.740000000000009
167,2025-04-24 23:00:00,1769.54,1762.6429098119702,1762.3600324208123,金叉,82.95833333333333,16.99000000000001
168,2025-04-25 02:30:00,1744.61,1761.0130954798,1762.7070225704128,死叉,83.10416666666667,24.930000000000064
169,2025-04-25 05:00:00,1768.6,1762.5699615268213,1762.52441893234,金叉,83.20833333333333,23.99000000000001
170,2025-04-26 12:00:00,1797.32,1799.0430943474503,1799.27346085697,死叉,84.5,28.720000000000027
171,2025-04-26 16:00:00,1803.11,1797.809105359756,1797.7585474372952,金叉,84.66666666666667,5.789999999999964
172,2025-04-27 04:30:00,1798.2,1810.9567157216225,1811.628909237715,死叉,85.1875,4.9099999999998545
173,2025-04-27 21:00:00,1803.85,1801.9417667021967,1801.747870049273,金叉,85.875,5.649999999999864
174,2025-04-27 22:00:00,1789.55,1799.6327306894061,1800.9302040888826,死叉,85.91666666666667,14.299999999999955
175,2025-04-28 06:30:00,1804.69,1792.7454850377958,1791.084730359757,金叉,86.27083333333333,15.1400000000001
176,2025-04-28 14:30:00,1781.92,1796.7363117103102,1798.8047100511785,死叉,86.60416666666667,22.769999999999982
177,2025-04-28 22:00:00,1793.46,1787.0058309199455,1786.5484486774544,金叉,86.91666666666667,11.539999999999964
178,2025-04-29 21:00:00,1796.31,1814.101384220547,1816.619240464985,死叉,87.875,2.849999999999909
179,2025-04-30 11:00:00,1810.31,1805.0357305841421,1804.9681294955221,金叉,88.45833333333333,14.0
180,2025-04-30 12:30:00,1775.46,1799.1902940590812,1802.9132603448425,死叉,88.52083333333333,34.84999999999991
181,2025-04-30 20:30:00,1794.01,1785.1864932452368,1784.9008260358942,金叉,88.85416666666667,18.549999999999955
182,2025-05-02 05:30:00,1832.1,1841.2331855853988,1842.3544878336534,死叉,90.22916666666667,38.08999999999992
183,2025-05-02 14:00:00,1844.58,1835.281035701332,1834.561849701375,金叉,90.58333333333333,12.480000000000018
184,2025-05-02 22:30:00,1835.2,1841.0449291432228,1841.4385034131033,死叉,90.9375,9.379999999999882
185,2025-05-03 14:30:00,1835.2,1831.4871874076616,1831.2938524255133,金叉,91.60416666666667,0.0
186,2025-05-03 17:00:00,1820.7,1829.413484769743,1830.7334970874717,死叉,91.70833333333333,14.5
187,2025-05-03 19:30:00,1838.21,1830.93313868935,1830.7111874594239,金叉,91.8125,17.50999999999999
188,2025-05-04 04:30:00,1830.63,1834.6471550402057,1834.8681880859424,死叉,92.1875,7.579999999999927
189,2025-05-04 05:00:00,1842.31,1836.1797240321646,1835.4194334129095,金叉,92.20833333333333,11.679999999999836
190,2025-05-04 09:00:00,1825.06,1835.2824526186805,1836.2731474871503,死叉,92.375,17.25
191,2025-05-04 20:30:00,1836.17,1831.757907584134,1831.1787533459114,金叉,92.85416666666667,11.110000000000127
192,2025-05-04 22:30:00,1818.02,1828.8044229464617,1830.3055999551157,死叉,92.9375,18.15000000000009
193,2025-05-05 07:30:00,1826.59,1815.1147660796985,1814.965844881445,金叉,93.3125,8.569999999999936
194,2025-05-05 11:00:00,1802.51,1814.0660413113576,1815.6521389197978,死叉,93.45833333333333,24.079999999999927
195,2025-05-05 18:30:00,1822.61,1813.0433630290859,1811.7472699205616,金叉,93.77083333333333,20.09999999999991
196,2025-05-06 02:00:00,1796.62,1811.6174362842467,1813.6949883124807,死叉,94.08333333333333,25.99000000000001
197,2025-05-06 22:30:00,1811.11,1787.1432837956158,1783.8294393262006,金叉,94.9375,14.490000000000009
198,2025-05-07 15:30:00,1817.31,1825.7118382200522,1826.2614589595737,死叉,95.64583333333333,6.2000000000000455
199,2025-05-08 00:30:00,1827.13,1814.0595891358607,1813.3193243951441,金叉,96.02083333333333,9.820000000000164
200,2025-05-11 08:00:00,2487.41,2512.9039446328143,2514.1788741980636,死叉,99.33333333333333,660.2799999999997
201,2025-05-11 11:30:00,2530.67,2514.78001636946,2513.482136400815,金叉,99.47916666666667,43.26000000000022
202,2025-05-11 13:00:00,2501.57,2512.9908083811642,2513.1851313957595,死叉,99.54166666666667,29.09999999999991
203,2025-05-11 20:30:00,2509.91,2500.2226147697984,2499.1209418840926,金叉,99.85416666666667,8.33999999999969
204,2025-05-12 15:00:00,2502.38,2529.2703128821845,2532.994880330973,死叉,100.625,7.529999999999745
205,2025-05-13 10:00:00,2481.79,2468.733899992073,2466.8100340387946,金叉,101.41666666666667,20.590000000000146
206,2025-05-14 08:30:00,2597.3,2641.45863052681,2644.1649632824647,死叉,102.35416666666667,115.51000000000022
207,2025-05-15 00:00:00,2632.7,2607.411594906466,2606.151594405998,金叉,103.0,35.399999999999636
208,2025-05-15 01:30:00,2577.62,2606.02593659211,2606.379699364615,死叉,103.0625,55.07999999999993
209,2025-05-15 17:00:00,2595.32,2563.0164590700188,2560.992080890943,金叉,103.70833333333333,17.700000000000273
210,2025-05-15 18:00:00,2542.21,2560.2189338048124,2560.3242668818098,死叉,103.75,53.11000000000013
211,2025-05-16 01:30:00,2566.8,2549.5966439694375,2548.896553799642,金叉,104.0625,24.590000000000146
212,2025-05-16 17:30:00,2578.05,2588.986149886157,2590.025388121081,死叉,104.72916666666667,11.25
213,2025-05-18 02:30:00,2481.2,2479.4274026551084,2479.372964285539,金叉,106.10416666666667,96.85000000000036
214,2025-05-18 03:00:00,2468.77,2477.2959221240867,2478.587559523647,死叉,106.125,12.429999999999836
215,2025-05-18 04:30:00,2485.91,2479.7415121275326,2479.2683481967683,金叉,106.1875,17.139999999999873
216,2025-05-18 18:30:00,2463.01,2513.4595381573,2516.403681393659,死叉,106.77083333333333,22.899999999999636
217,2025-05-19 14:00:00,2434.21,2414.691945220461,2414.293122555925,金叉,107.58333333333333,28.800000000000182
218,2025-05-20 11:00:00,2508.39,2524.471675046585,2526.2850754407445,死叉,108.45833333333333,74.17999999999984
219,2025-05-20 22:00:00,2501.45,2497.667292194551,2497.557479043166,金叉,108.91666666666667,6.940000000000055
220,2025-05-21 10:30:00,2528.8,2538.440061543473,2538.481199829905,死叉,109.4375,27.350000000000364
221,2025-05-21 11:00:00,2551.77,2541.1060492347788,2539.46555539806,金叉,109.45833333333333,22.9699999999998
222,2025-05-21 13:00:00,2529.54,2538.943437766566,2539.103153910533,死叉,109.54166666666667,22.230000000000018
223,2025-05-21 13:30:00,2546.66,2540.486750213253,2539.6629202875306,金叉,109.5625,17.11999999999989
224,2025-05-21 17:30:00,2472.79,2533.4329507122584,2541.1283126240132,死叉,109.72916666666667,73.86999999999989
225,2025-05-21 23:30:00,2550.99,2528.5505002887867,2526.7699323603597,金叉,109.97916666666667,78.19999999999982
226,2025-05-22 21:30:00,2635.9,2642.975553137554,2642.9869763252677,死叉,110.89583333333333,84.91000000000031
227,2025-05-22 22:00:00,2644.62,2643.3044425100434,2643.1079410419147,金叉,110.91666666666667,8.7199999999998
228,2025-05-22 22:30:00,2635.76,2641.7955540080347,2642.563649112884,死叉,110.9375,8.859999999999673
229,2025-05-22 23:00:00,2650.16,2643.468443206428,2643.126341771189,金叉,110.95833333333333,14.399999999999636
230,2025-05-23 11:00:00,2649.53,2668.235113515519,2670.2387711575443,死叉,111.45833333333333,0.6299999999996544
231,2025-05-24 10:30:00,2570.1,2557.2817013893036,2555.345760867788,金叉,112.4375,79.43000000000029
232,2025-05-24 14:00:00,2549.79,2555.1584853191985,2555.7465709816033,死叉,112.58333333333333,20.309999999999945
233,2025-05-24 17:00:00,2559.0,2556.0170646955166,2555.909899360164,金叉,112.70833333333333,9.210000000000036
234,2025-05-24 18:30:00,2549.41,2555.767537124105,2555.917464690472,死叉,112.77083333333333,9.590000000000146
235,2025-05-25 14:00:00,2515.72,2509.174739372752,2508.9074150026017,金叉,113.58333333333333,33.690000000000055
236,2025-05-25 14:30:00,2505.99,2508.5377914982014,2508.6913101875944,死叉,113.60416666666667,9.730000000000018
237,2025-05-25 17:00:00,2516.79,2508.1410075181316,2507.9634710386463,金叉,113.70833333333333,10.800000000000182
238,2025-05-26 14:30:00,2550.51,2558.585224045354,2559.1314820208418,死叉,114.60416666666667,33.720000000000255
239,2025-05-26 15:30:00,2565.99,2559.7005433890267,2559.445317233232,金叉,114.64583333333333,15.479999999999563
240,2025-05-26 16:00:00,2544.21,2556.6024347112216,2558.3167752159557,死叉,114.66666666666667,21.779999999999745
241,2025-05-26 21:30:00,2562.57,2553.3497699026743,2552.9816178848973,金叉,114.89583333333333,18.360000000000127
242,2025-05-27 01:00:00,2527.31,2550.9481331210936,2553.105558148038,死叉,115.04166666666667,35.26000000000022
243,2025-05-27 05:00:00,2555.59,2551.761532933694,2551.3561183970587,金叉,115.20833333333333,28.2800000000002
244,2025-05-28 01:30:00,2634.47,2652.4790377422805,2653.8687190778132,死叉,116.0625,78.87999999999965
245,2025-05-28 12:00:00,2671.59,2647.3248966876677,2644.0708695600347,金叉,116.5,37.120000000000346
246,2025-05-28 15:00:00,2631.27,2644.912297397292,2645.479830449701,死叉,116.625,40.320000000000164
247,2025-05-28 17:30:00,2652.8,2645.412349611145,2644.9902665293853,金叉,116.72916666666667,21.5300000000002
248,2025-05-28 18:30:00,2636.17,2643.561903751133,2644.3650158859614,死叉,116.77083333333333,16.63000000000011
249,2025-05-28 23:00:00,2677.8,2648.846946845152,2644.58330746053,金叉,116.95833333333333,41.63000000000011
250,2025-05-29 13:00:00,2686.64,2710.241849107196,2711.809959262126,死叉,117.54166666666667,8.83999999999969
251,2025-05-31 14:00:00,2538.69,2530.0846806370855,2529.077350684263,金叉,119.58333333333333,147.94999999999982
252,2025-05-31 23:30:00,2528.06,2535.416077597878,2535.4633987499883,死叉,119.97916666666667,10.63000000000011
253,2025-06-01 15:30:00,2523.23,2507.7520386653737,2507.6780072903616,金叉,120.64583333333333,4.829999999999927
254,2025-06-02 03:00:00,2494.16,2518.9334809321613,2522.6577449181277,死叉,121.125,29.070000000000164
255,2025-06-02 14:00:00,2530.99,2501.2758692427424,2501.0803738658296,金叉,121.58333333333333,36.82999999999993
256,2025-06-03 21:30:00,2589.22,2610.841280441417,2612.701732378956,死叉,122.89583333333333,58.23000000000002
257,2025-06-04 03:00:00,2634.16,2613.4876803809393,2610.7136759640975,金叉,123.125,44.940000000000055
258,2025-06-04 13:30:00,2614.78,2622.9298023982296,2624.1125597486443,死叉,123.5625,19.379999999999654
259,2025-06-04 14:30:00,2640.38,2624.7862735348667,2624.536172624009,金叉,123.60416666666667,25.59999999999991
260,2025-06-04 20:00:00,2613.38,2629.3116875819505,2630.9682845061852,死叉,123.83333333333333,27.0
261,2025-06-05 04:30:00,2630.37,2621.620799090498,2620.572605157428,金叉,124.1875,16.98999999999978
262,2025-06-05 05:30:00,2613.11,2619.8977114179197,2620.0827410471775,死叉,124.22916666666667,17.259999999999764
263,2025-06-05 12:30:00,2631.66,2614.384787969548,2614.0073381462084,金叉,124.52083333333333,18.549999999999727
264,2025-06-05 13:30:00,2589.87,2611.873064300511,2613.270324199424,死叉,124.5625,41.789999999999964
265,2025-06-06 10:30:00,2481.8,2468.9682163946463,2468.6066957201065,金叉,125.4375,108.06999999999971
266,2025-06-06 23:00:00,2478.8,2488.1306515544766,2488.4433224614154,死叉,125.95833333333333,3.0
267,2025-06-07 05:00:00,2489.01,2484.8640881901583,2484.445740528201,金叉,126.20833333333333,10.210000000000036
268,2025-06-08 04:00:00,2511.93,2514.472528771207,2514.533469788305,死叉,127.16666666666667,22.919999999999618
269,2025-06-08 04:30:00,2516.22,2514.822023016966,2514.6583979521342,金叉,127.1875,4.289999999999964
270,2025-06-08 05:30:00,2511.41,2514.220894730858,2514.4638391222,死叉,127.22916666666667,4.809999999999945
271,2025-06-08 08:30:00,2516.36,2514.773177908327,2514.559064401298,金叉,127.35416666666667,4.950000000000273
272,2025-06-08 09:00:00,2499.4,2511.6985423266615,2513.436170741943,死叉,127.375,16.960000000000036
273,2025-06-08 15:00:00,2516.32,2511.149688727223,2510.845035763147,金叉,127.625,16.920000000000073
274,2025-06-08 23:30:00,2509.83,2519.38174089571,2520.2979982950574,死叉,127.97916666666667,6.4900000000002365
275,2025-06-09 10:00:00,2532.2,2503.0352731874996,2501.818950493006,金叉,128.41666666666666,22.36999999999989
276,2025-06-11 09:30:00,2759.29,2778.0192646149476,2778.7530934641413,死叉,130.39583333333334,227.09000000000015
277,2025-06-11 12:30:00,2805.08,2779.519095543221,2778.2454959284278,金叉,130.52083333333334,45.789999999999964
278,2025-06-11 22:00:00,2759.29,2803.733242370572,2809.751860421906,死叉,130.91666666666666,45.789999999999964
279,2025-06-13 16:30:00,2561.91,2548.6875886770663,2548.1506102198255,金叉,132.6875,197.3800000000001
280,2025-06-13 17:00:00,2535.22,2545.9940709416533,2547.192787240579,死叉,132.70833333333334,26.690000000000055
281,2025-06-13 21:30:00,2553.99,2543.53926068374,2543.507608320412,金叉,132.89583333333334,18.769999999999982
282,2025-06-14 06:00:00,2545.22,2552.1541744368687,2552.818970641055,死叉,133.25,8.769999999999982
283,2025-06-14 23:30:00,2530.76,2523.8806593463887,2523.8646793397324,金叉,133.97916666666666,14.459999999999582
284,2025-06-15 08:30:00,2520.6,2529.75709216574,2530.230313852443,死叉,134.35416666666666,10.16000000000031
285,2025-06-15 13:30:00,2543.03,2527.163927554538,2526.447460402484,金叉,134.5625,22.43000000000029
286,2025-06-15 20:30:00,2503.34,2531.154037221549,2534.080191978001,死叉,134.85416666666666,39.690000000000055
287,2025-06-15 23:00:00,2544.49,2534.2622413167574,2533.8550566231397,金叉,134.95833333333334,41.149999999999636
288,2025-06-16 23:00:00,2575.0,2624.809783477863,2628.181026609039,死叉,135.95833333333334,30.51000000000022
289,2025-06-18 04:00:00,2529.52,2522.1611239236786,2521.875507240803,金叉,137.16666666666666,45.48000000000002
290,2025-06-18 10:30:00,2494.79,2521.385320731404,2524.630433960818,死叉,137.4375,34.73000000000002
291,2025-06-18 21:30:00,2528.36,2510.534542172144,2508.2373776290765,金叉,137.89583333333334,33.570000000000164
292,2025-06-19 14:00:00,2518.85,2524.21219706923,2524.2731302863667,死叉,138.58333333333334,9.510000000000218
293,2025-06-19 22:30:00,2523.59,2512.4954232811688,2512.353766207113,金叉,138.9375,4.7400000000002365
294,2025-06-20 04:30:00,2504.17,2515.3321036623456,2515.790722248001,死叉,139.1875,19.420000000000073
295,2025-06-20 06:30:00,2521.47,2516.8385416600972,2516.1281015166787,金叉,139.27083333333334,17.299999999999727
296,2025-06-20 14:30:00,2490.01,2531.3228161671,2533.300786344577,死叉,139.60416666666666,31.45999999999958
297,2025-06-21 09:30:00,2445.14,2433.1121132380504,2433.0729712243697,金叉,140.39583333333334,44.870000000000346
298,2025-06-21 14:00:00,2418.0,2432.0836361690504,2433.992868742169,死叉,140.58333333333334,27.139999999999873
299,2025-06-23 00:30:00,2240.93,2218.4419890502427,2215.8802347708747,金叉,142.02083333333334,177.07000000000016
300,2025-06-23 16:30:00,2221.79,2246.163571557937,2247.858780981694,死叉,142.6875,19.139999999999873
301,2025-06-23 17:00:00,2275.1,2251.9508572463496,2249.8766490571243,金叉,142.70833333333334,53.309999999999945
302,2025-06-25 05:30:00,2429.38,2440.5050029515287,2440.5346482084683,死叉,144.22916666666666,154.2800000000002
303,2025-06-25 06:00:00,2441.3,2440.664002361223,2440.5913409337672,金叉,144.25,11.920000000000073
304,2025-06-25 09:00:00,2440.84,2441.008670314981,2441.0116725871403,死叉,144.375,0.4600000000000364
305,2025-06-25 20:30:00,2438.2,2427.9921115526454,2427.5569443474637,金叉,144.85416666666666,2.6400000000003274
306,2025-06-25 22:00:00,2418.76,2426.8570811149543,2427.2876002351836,死叉,144.91666666666666,19.4399999999996
307,2025-06-26 01:00:00,2441.48,2426.495959311799,2426.161004279998,金叉,145.04166666666666,22.7199999999998
308,2025-06-26 12:00:00,2443.32,2458.4527552294066,2460.8220035290587,死叉,145.5,1.8400000000001455
309,2025-06-27 03:30:00,2446.97,2432.228411160043,2431.2241628107563,金叉,146.14583333333334,3.649999999999636
310,2025-06-27 13:00:00,2425.91,2440.79409198986,2440.8217746159053,死叉,146.54166666666666,21.059999999999945
311,2025-06-28 06:00:00,2426.51,2422.2582950780516,2422.1095767441357,金叉,147.25,0.6000000000003638
312,2025-06-29 03:30:00,2427.86,2431.934574299065,2432.5572718969665,死叉,148.14583333333334,1.349999999999909
313,2025-06-29 06:30:00,2436.82,2432.691970325054,2432.4579359965146,金叉,148.27083333333334,8.960000000000036
314,2025-06-29 16:00:00,2432.92,2442.3463991134904,2442.8323587087693,死叉,148.66666666666666,3.900000000000091
315,2025-06-29 22:00:00,2478.91,2443.9514388960843,2441.7849127226636,金叉,148.91666666666666,45.98999999999978
316,2025-06-30 09:00:00,2472.19,2479.7729424868276,2480.4091929650504,死叉,149.375,6.7199999999998
317,2025-06-30 17:30:00,2487.63,2472.2867534226857,2470.395837052867,金叉,149.72916666666666,15.440000000000055
318,2025-07-01 04:30:00,2460.9,2481.2629417571006,2484.311413138599,死叉,150.1875,26.730000000000018
319,2025-07-02 04:30:00,2439.56,2424.0022844401406,2421.7265189557934,金叉,151.1875,21.340000000000146
320,2025-07-03 16:30:00,2572.12,2584.5181564048166,2585.7365205775022,死叉,152.6875,132.55999999999995
321,2025-07-03 20:00:00,2594.86,2586.5086865220683,2585.600494479593,金叉,152.83333333333334,22.740000000000236
322,2025-07-04 02:30:00,2575.18,2587.670665231867,2588.304390472076,死叉,153.10416666666666,19.68000000000029
323,2025-07-05 03:00:00,2521.27,2513.231429176595,2512.871107831591,金叉,154.125,53.909999999999854
324,2025-07-05 14:00:00,2516.5,2517.5796472444754,2517.704455258333,死叉,154.58333333333334,4.769999999999982
325,2025-07-05 22:30:00,2519.01,2511.3141363142277,2510.6574871130733,金叉,154.9375,2.5100000000002183
326,2025-07-06 05:30:00,2510.68,2512.757062627092,2512.805073261887,死叉,155.22916666666666,8.330000000000382
327,2025-07-06 06:00:00,2520.57,2514.3196501016737,2513.380253020266,金叉,155.25,9.890000000000327
328,2025-07-06 09:30:00,2507.29,2513.537523677003,2513.841569720584,死叉,155.39583333333334,13.2800000000002
329,2025-07-06 12:30:00,2520.26,2514.3586404467846,2513.8326730693498,金叉,155.52083333333334,12.970000000000255
330,2025-07-07 11:30:00,2562.99,2566.6804577016087,2567.0303707449516,死叉,156.47916666666666,42.72999999999956
331,2025-07-08 05:30:00,2552.15,2542.068208100248,2541.0609146110464,金叉,157.22916666666666,10.83999999999969
332,2025-07-11 22:00:00,2931.58,2974.7755235240083,2978.371237520836,死叉,160.91666666666666,379.42999999999984
333,2025-07-12 09:30:00,2974.08,2966.4483786893534,2965.689278295799,金叉,161.39583333333334,42.5
334,2025-07-12 12:00:00,2949.24,2965.3441599289276,2966.05532909492,死叉,161.5,24.840000000000146
335,2025-07-13 01:30:00,2949.57,2943.0232982415478,2942.3680533175348,金叉,162.0625,0.330000000000382
336,2025-07-13 22:30:00,2959.2,2975.3530153789266,2977.3839963500163,死叉,162.9375,9.629999999999654
337,2025-07-14 02:00:00,3003.6,2979.161899058795,2977.4613337513,金叉,163.08333333333334,44.40000000000009
338,2025-07-14 17:00:00,3012.18,3028.278642247157,3030.4473841754925,死叉,163.70833333333334,8.579999999999927
339,2025-07-15 13:00:00,3031.01,2991.294562521071,2986.520216493785,金叉,164.54166666666666,18.830000000000382
340,2025-07-18 16:00:00,3572.46,3586.3306558532413,3587.935349420886,死叉,167.66666666666666,541.4499999999998
341,2025-07-18 17:00:00,3612.0,3589.362019746075,3588.706575292255,金叉,167.70833333333334,39.539999999999964
342,2025-07-18 19:00:00,3575.9,3587.3148432879925,3588.4714735474627,死叉,167.79166666666666,36.09999999999991
343,2025-07-19 03:30:00,3592.98,3564.4074036966294,3562.900885538661,金叉,168.14583333333334,17.079999999999927
344,2025-07-19 08:30:00,3554.34,3568.241859420017,3568.2444795072183,死叉,168.35416666666666,38.63999999999987
345,2025-07-19 19:30:00,3577.61,3559.185847453455,3558.7317875047693,金叉,168.8125,23.269999999999982
346,2025-07-21 18:00:00,3787.68,3789.2899280099878,3789.349145193135,死叉,170.75,210.0699999999997
347,2025-07-22 16:00:00,3730.72,3703.049802246029,3701.985825625906,金叉,171.66666666666666,56.960000000000036
348,2025-07-22 18:00:00,3699.41,3701.5505909999742,3701.7666094545193,死叉,171.75,31.309999999999945
349,2025-07-22 18:30:00,3710.65,3703.37047279998,3702.4246383838145,金叉,171.77083333333334,11.240000000000236
350,2025-07-22 19:30:00,3670.14,3697.4219025919874,3700.3970630862605,死叉,171.8125,40.51000000000022
351,2025-07-22 21:30:00,3705.77,3701.1042833016786,3701.092175026147,金叉,171.89583333333334,35.63000000000011
352,2025-07-23 06:30:00,3694.5,3716.5242002365617,3719.081352122766,死叉,172.27083333333334,11.269999999999982
353,2025-07-24 01:00:00,3637.54,3621.9736587971074,3620.2870472120167,金叉,173.04166666666666,56.960000000000036
354,2025-07-24 05:00:00,3578.98,3621.8572294218948,3624.36659139748,死叉,173.20833333333334,58.559999999999945
355,2025-07-24 09:30:00,3636.11,3613.1118335895426,3612.893725338027,金叉,173.39583333333334,57.13000000000011
356,2025-07-24 10:00:00,3600.97,3610.683466871634,3612.010486424099,死叉,173.41666666666666,35.14000000000033
357,2025-07-24 10:30:00,3620.98,3612.7427734973076,3612.6748948371287,金叉,173.4375,20.01000000000022
358,2025-07-25 01:00:00,3659.83,3692.4820438057736,3692.9330241472594,死叉,174.04166666666666,38.84999999999991
359,2025-07-25 09:30:00,3726.08,3671.021955072851,3664.3183089012514,金叉,174.39583333333334,66.25
360,2025-07-25 15:00:00,3639.68,3676.7424537651186,3679.196351690868,死叉,174.625,86.40000000000009
361,2025-07-25 21:00:00,3720.94,3669.846989451623,3666.5020117751023,金叉,174.875,81.26000000000022
362,2025-07-26 16:00:00,3730.77,3735.600188262209,3736.2431802875612,死叉,175.66666666666666,9.829999999999927
363,2025-07-26 19:00:00,3743.6,3735.3240455118103,3735.3237094858264,金叉,175.79166666666666,12.829999999999927
364,2025-07-28 13:00:00,3844.24,3875.265812877717,3877.609754523868,死叉,177.54166666666666,100.63999999999987
365,2025-07-29 06:30:00,3828.8,3800.9020681288503,3798.4606780089252,金叉,178.27083333333334,15.4399999999996
366,2025-07-29 15:00:00,3760.73,3815.8935359309794,3823.6084357829886,死叉,178.625,68.07000000000016
367,2025-07-30 02:30:00,3812.83,3791.132001784439,3789.075667163669,金叉,179.10416666666666,52.09999999999991
368,2025-07-30 10:30:00,3773.99,3799.0233627081507,3801.430481651003,死叉,179.4375,38.840000000000146
369,2025-07-30 17:00:00,3803.64,3793.0549734453784,3791.708609501741,金叉,179.70833333333334,29.65000000000009
370,2025-07-30 18:30:00,3738.37,3785.985666404034,3789.697784050435,死叉,179.77083333333334,65.26999999999998
371,2025-07-31 00:00:00,3825.2,3787.232219112677,3782.4652533933086,金叉,180.0,86.82999999999993
372,2025-07-31 13:00:00,3801.55,3838.186733015317,3840.3567370315777,死叉,180.54166666666666,23.649999999999636
373,2025-08-03 05:00:00,3452.69,3437.0948939575846,3434.8160572953093,金叉,183.20833333333334,348.8600000000001
374,2025-08-05 05:00:00,3658.49,3666.7509241604585,3667.744050353859,死叉,185.20833333333334,205.79999999999973
375,2025-08-05 06:00:00,3677.3,3668.484591462694,3668.222539740963,金叉,185.25,18.8100000000004
376,2025-08-05 06:30:00,3650.85,3664.9576731701554,3666.935684945336,死叉,185.27083333333334,26.450000000000273
377,2025-08-05 11:00:00,3683.51,3663.899424555786,3661.449675365916,金叉,185.45833333333334,32.66000000000031
378,2025-08-05 12:30:00,3628.43,3656.9292253725635,3659.4658140320294,死叉,185.52083333333334,55.08000000000038
379,2025-08-06 05:30:00,3638.51,3600.741510950611,3598.0436154100666,金叉,186.22916666666666,10.080000000000382
380,2025-08-06 12:30:00,3584.01,3610.681379967646,3611.395498841589,死叉,186.52083333333334,54.5
381,2025-08-06 14:30:00,3637.17,3611.2647732347486,3610.7811515389208,金叉,186.60416666666666,53.159999999999854
382,2025-08-10 05:30:00,4220.54,4243.042524172924,4243.721610372997,死叉,190.22916666666666,583.3699999999999
383,2025-08-10 16:30:00,4233.6,4216.140598928492,4215.98479741259,金叉,190.6875,13.0600000000004
384,2025-08-10 21:00:00,4196.71,4220.100144965383,4220.118553720291,死叉,190.875,36.89000000000033
385,2025-08-10 21:30:00,4223.33,4220.746115972307,4220.3564386298995,金叉,190.89583333333334,26.61999999999989
386,2025-08-11 10:30:00,4236.58,4269.805785512978,4273.117217097357,死叉,191.4375,13.25
387,2025-08-11 15:30:00,4329.74,4270.255604077576,4261.16650388261,金叉,191.64583333333334,93.15999999999985
388,2025-08-11 20:30:00,4243.14,4272.066177962113,4273.027853327398,死叉,191.85416666666666,86.59999999999945
389,2025-08-12 02:00:00,4293.91,4262.903481685632,4260.303070685745,金叉,192.08333333333334,50.76999999999953
390,2025-08-14 11:00:00,4707.53,4732.751776472067,4734.56567494003,死叉,194.45833333333334,413.6199999999999
391,2025-08-15 02:30:00,4621.72,4586.020277521622,4584.614693174691,金叉,195.10416666666666,85.80999999999949
392,2025-08-15 13:30:00,4540.23,4608.666739408261,4615.3457118173965,死叉,195.5625,81.49000000000069
393,2025-08-16 21:00:00,4426.53,4420.211264056043,4419.223374475921,金叉,196.875,113.69999999999982
394,2025-08-16 21:30:00,4408.37,4417.843011244834,4418.419420811038,死叉,196.89583333333334,18.159999999999854
395,2025-08-16 22:30:00,4426.53,4420.138327196694,4419.219832656926,金叉,196.9375,18.159999999999854
396,2025-08-16 23:00:00,4412.27,4418.564661757356,4418.705030237895,死叉,196.95833333333334,14.259999999999309
397,2025-08-16 23:30:00,4421.99,4419.249729405885,4418.948361331384,金叉,196.97916666666666,9.719999999999345
398,2025-08-17 00:00:00,4413.16,4418.031783524708,4418.5195938253555,死叉,197.0,8.829999999999927
399,2025-08-17 03:00:00,4430.2,4419.923009620302,4418.436991681843,金叉,197.125,17.039999999999964
400,2025-08-17 19:00:00,4479.68,4510.027629281083,4511.598666015027,死叉,197.79166666666666,49.48000000000047
401,2025-08-18 17:00:00,4353.62,4325.637069953188,4325.137067360957,金叉,198.70833333333334,126.0600000000004
402,2025-08-19 00:00:00,4286.37,4329.999954779126,4335.171078363269,死叉,199.0,67.25
403,2025-08-19 11:30:00,4308.93,4282.490433958845,4279.7740744382145,金叉,199.47916666666666,22.5600000000004
404,2025-08-19 14:00:00,4210.96,4278.127873399635,4280.698048597407,死叉,199.58333333333334,97.97000000000025
405,2025-08-20 06:00:00,4175.15,4158.777116516804,4158.680322669191,金叉,200.25,35.8100000000004
406,2025-08-20 14:00:00,4159.69,4181.556508742455,4183.736360556346,死叉,200.58333333333334,15.460000000000036
407,2025-08-20 14:30:00,4213.4,4187.925206993964,4185.933667181802,金叉,200.60416666666666,53.710000000000036
408,2025-08-21 08:30:00,4285.89,4299.115972016381,4299.875308774048,死叉,201.35416666666666,72.49000000000069
409,2025-08-22 02:00:00,4308.67,4258.665674636735,4255.699887483044,金叉,202.08333333333334,22.779999999999745
410,2025-08-22 12:00:00,4229.92,4286.427586238273,4288.564555249182,死叉,202.5,78.75
411,2025-08-22 14:00:00,4576.32,4337.487587323197,4305.6636795320865,金叉,202.58333333333334,346.39999999999964
412,2025-08-23 11:30:00,4704.93,4718.874542125046,4721.039913629795,死叉,203.47916666666666,128.61000000000058
413,2025-08-23 14:00:00,4749.17,4724.718726763535,4722.471604072768,金叉,203.58333333333334,44.23999999999978
414,2025-08-24 10:00:00,4750.05,4769.595531284444,4769.634762992948,死叉,204.41666666666666,0.8800000000001091
415,2025-08-24 14:30:00,4795.0,4770.520088121872,4766.872750563609,金叉,204.60416666666666,44.94999999999982
416,2025-08-24 22:00:00,4729.45,4803.213607762896,4808.0162039803035,死叉,204.91666666666666,65.55000000000018
417,2025-08-26 12:30:00,4497.24,4438.524534251332,4436.24448651077,金叉,206.52083333333334,232.21000000000004
418,2025-08-27 19:30:00,4565.7,4598.540264029546,4602.06668818943,死叉,207.8125,68.46000000000004
419,2025-08-28 06:00:00,4571.47,4554.181121628369,4553.349088408231,金叉,208.25,5.770000000000437
420,2025-08-28 15:00:00,4516.46,4567.730782888481,4573.764383877821,死叉,208.625,55.01000000000022
421,2025-08-30 05:00:00,4375.58,4349.436123736497,4347.264955835973,金叉,210.20833333333334,140.8800000000001
422,2025-08-30 14:00:00,4355.15,4369.612727158758,4371.251036168188,死叉,210.58333333333334,20.43000000000029
423,2025-08-31 00:00:00,4384.87,4365.380307091546,4363.019994500946,金叉,211.0,29.720000000000255
424,2025-08-31 22:30:00,4445.4,4462.70765096053,4463.3526741441865,死叉,211.9375,60.529999999999745
425,2025-09-01 08:00:00,4468.0,4424.721449651757,4422.499709697949,金叉,212.33333333333334,22.600000000000364
426,2025-09-01 11:30:00,4392.83,4420.650651918008,4424.73026515997,死叉,212.47916666666666,75.17000000000007
427,2025-09-02 03:30:00,4367.11,4339.743364152798,4339.414026499837,金叉,213.14583333333334,25.720000000000255
428,2025-09-02 12:30:00,4277.07,4351.284074773433,4362.163459876737,死叉,213.52083333333334,90.03999999999996
429,2025-09-03 02:30:00,4338.3,4325.240193110986,4323.3850183486375,金叉,214.10416666666666,61.23000000000047
430,2025-09-03 06:30:00,4307.92,4321.332921896248,4323.413336213512,死叉,214.27083333333334,30.38000000000011
431,2025-09-03 09:30:00,4351.68,4324.785587717571,4323.107929422189,金叉,214.39583333333334,43.76000000000022
432,2025-09-04 03:30:00,4398.03,4434.742101079609,4438.8801212918615,死叉,215.14583333333334,46.349999999999454
433,2025-09-05 05:30:00,4338.14,4326.4680486436255,4326.043594295285,金叉,216.22916666666666,59.88999999999942
434,2025-09-05 15:00:00,4296.52,4365.970576432384,4372.191086461853,死叉,216.625,41.61999999999989
435,2025-09-07 01:30:00,4294.99,4283.360379511936,4283.282146147708,金叉,218.0625,1.5300000000006548
436,2025-09-07 16:30:00,4284.06,4295.821010222791,4296.787385350493,死叉,218.6875,10.929999999999382
437,2025-09-07 22:30:00,4309.46,4295.349433991276,4293.191572432534,金叉,218.9375,25.399999999999636
438,2025-09-08 07:30:00,4291.78,4298.675810023651,4298.740957369522,死叉,219.3125,17.68000000000029
439,2025-09-08 09:00:00,4320.0,4302.903134732111,4300.254862515815,金叉,219.375,28.220000000000255
440,2025-09-08 19:30:00,4293.0,4323.345564308226,4324.547851450111,死叉,219.8125,27.0
441,2025-09-09 06:00:00,4345.95,4315.159623504469,4311.390229231603,金叉,220.25,52.94999999999982
442,2025-09-09 14:30:00,4306.24,4336.512598453301,4336.695805597451,死叉,220.60416666666666,39.710000000000036
443,2025-09-10 03:00:00,4310.43,4307.855084172133,4307.746323524483,金叉,221.125,4.190000000000509
444,2025-09-10 19:00:00,4309.35,4352.0388855833135,4352.250568279258,死叉,221.79166666666666,1.0799999999999272
445,2025-09-11 00:30:00,4359.83,4348.219045909047,4347.676715864514,金叉,222.02083333333334,50.47999999999956
446,2025-09-13 15:00:00,4680.83,4701.646101479336,4702.961539345315,死叉,224.625,321.0
447,2025-09-14 02:00:00,4681.16,4668.202758789281,4668.008387625153,金叉,225.08333333333334,0.32999999999992724
448,2025-09-14 04:00:00,4658.71,4667.72175400009,4668.233441296541,死叉,225.16666666666666,22.449999999999818
449,2025-09-14 05:30:00,4676.08,4669.640898048046,4668.777582698698,金叉,225.22916666666666,17.36999999999989
450,2025-09-14 07:30:00,4650.58,4665.01953584048,4667.243689368489,死叉,225.3125,25.5
451,2025-09-15 03:30:00,4636.2,4621.556659108553,4620.817902650085,金叉,226.14583333333334,14.38000000000011
452,2025-09-15 08:00:00,4560.04,4615.762817907382,4623.224982118917,死叉,226.33333333333334,76.15999999999985
453,2025-09-16 05:30:00,4529.32,4520.757650797253,4520.669063674522,金叉,227.22916666666666,30.720000000000255
454,2025-09-16 06:00:00,4515.95,4519.796120637802,4520.319503402335,死叉,227.25,13.36999999999989
455,2025-09-16 21:30:00,4507.65,4491.891491997306,4490.486721637472,金叉,227.89583333333334,8.300000000000182
456,2025-09-17 05:00:00,4482.41,4497.518239607189,4499.856379031624,死叉,228.20833333333334,25.23999999999978
457,2025-09-17 05:30:00,4514.91,4500.996591685751,4500.971462066319,金叉,228.22916666666666,32.5
458,2025-09-17 10:00:00,4485.02,4506.9931679287665,4507.69699747222,死叉,228.41666666666666,29.889999999999418
459,2025-09-17 20:00:00,4514.83,4494.570017559172,4493.919928516276,金叉,228.83333333333334,29.80999999999949
460,2025-09-18 23:00:00,4577.71,4592.844631983976,4593.6262720619725,死叉,229.95833333333334,62.88000000000011
461,2025-09-19 00:30:00,4609.79,4596.758131575796,4594.900361782671,金叉,230.02083333333334,32.07999999999993
462,2025-09-19 03:00:00,4577.28,4593.764942954757,4594.940987072667,死叉,230.125,32.51000000000022
463,2025-09-20 14:30:00,4487.18,4471.6308448615,4471.38192552132,金叉,231.60416666666666,90.09999999999945
464,2025-09-21 02:00:00,4475.87,4482.823424314247,4482.998246358782,死叉,232.08333333333334,11.3100000000004
465,2025-09-21 15:30:00,4482.8,4474.436586763309,4473.442877756337,金叉,232.64583333333334,6.930000000000291
466,2025-09-21 22:00:00,4457.63,4475.407164192976,4477.377621414151,死叉,232.91666666666666,25.170000000000073
467,2025-09-23 06:30:00,4205.56,4187.6598403061125,4186.679048771875,金叉,234.27083333333334,252.0699999999997
468,2025-09-23 14:00:00,4185.18,4191.233584769839,4191.772539860596,死叉,234.58333333333334,20.38000000000011
469,2025-09-24 01:30:00,4189.71,4179.219658567739,4177.798121387857,金叉,235.0625,4.529999999999745
470,2025-09-24 02:30:00,4169.68,4176.494181483353,4176.943821491647,死叉,235.10416666666666,20.029999999999745
471,2025-09-24 08:30:00,4175.2,4169.659890915941,4169.213499119121,金叉,235.35416666666666,5.519999999999527
472,2025-09-24 13:30:00,4150.29,4172.060619811541,4172.243735167499,死叉,235.5625,24.909999999999854
473,2025-09-24 14:30:00,4193.59,4176.473596679387,4173.858291467334,金叉,235.60416666666666,43.30000000000018
474,2025-09-24 19:00:00,4162.9,4174.277236094937,4174.537502247198,死叉,235.79166666666666,30.69000000000051
475,2025-09-26 03:30:00,3965.32,3941.5430483279615,3940.5009923634716,金叉,237.14583333333334,197.57999999999947
476,2025-09-26 06:30:00,3921.14,3938.035488380886,3940.2262633125683,死叉,237.27083333333334,44.18000000000029
477,2025-09-26 14:00:00,3940.68,3928.642025829326,3928.2009013798215,金叉,237.58333333333334,19.539999999999964
478,2025-09-27 08:30:00,3985.87,4007.0682665019235,4008.8044782958523,死叉,238.35416666666666,45.190000000000055
479,2025-09-27 12:30:00,4028.92,4007.2011193176845,4006.5476127318616,金叉,238.52083333333334,43.05000000000018
480,2025-09-27 17:00:00,3989.61,4008.1032100825173,4008.9125651799186,死叉,238.70833333333334,39.309999999999945
481,2025-09-27 21:30:00,4014.73,4006.8358113453423,4006.7382906326757,金叉,238.89583333333334,25.11999999999989
482,2025-09-28 02:00:00,4004.61,4010.5995400905294,4010.6231301400067,死叉,239.08333333333334,10.11999999999989
483,2025-09-28 14:30:00,4024.64,4006.345434782539,4003.684441290484,金叉,239.60416666666666,20.029999999999745
484,2025-09-30 08:00:00,4177.71,4188.131901100928,4188.15031582903,死叉,241.33333333333334,153.07000000000016
485,2025-09-30 21:00:00,4175.55,4152.190202197899,4148.5623340789525,金叉,241.875,2.1599999999998545
486,2025-09-30 23:30:00,4145.15,4147.449906256208,4147.734069608213,死叉,241.97916666666666,30.400000000000546
487,2025-10-01 01:30:00,4171.33,4151.766313602544,4149.022843967078,金叉,242.0625,26.18000000000029
488,2025-10-01 03:30:00,4128.66,4147.117562051602,4148.25635862615,死叉,242.14583333333334,42.67000000000007
489,2025-10-01 08:00:00,4166.25,4146.471598303467,4146.470179960874,金叉,242.33333333333334,37.590000000000146
490,2025-10-03 08:00:00,4449.38,4469.992588176038,4470.386300484185,死叉,244.33333333333334,283.1300000000001
491,2025-10-03 09:00:00,4475.58,4470.508056432665,4470.485950346523,金叉,244.375,26.199999999999818
492,2025-10-04 01:30:00,4479.67,4501.773288131171,4503.441467298845,死叉,245.0625,4.0900000000001455
493,2025-10-04 06:30:00,4506.77,4499.723483220525,4499.167800841616,金叉,245.27083333333334,27.100000000000364
494,2025-10-04 08:00:00,4494.1,4498.40610340891,4498.785687555264,死叉,245.33333333333334,12.670000000000073
495,2025-10-04 22:30:00,4489.6,4481.1469212541,4479.897480527658,金叉,245.9375,4.5
496,2025-10-05 15:30:00,4532.0,4540.589232897395,4540.82471780744,死叉,246.64583333333334,42.399999999999636
497,2025-10-06 02:30:00,4538.32,4521.005119885353,4520.263015651539,金叉,247.10416666666666,6.319999999999709
498,2025-10-07 08:30:00,4670.36,4677.467925175095,4678.220246040707,死叉,248.35416666666666,132.03999999999996
499,2025-10-07 10:00:00,4687.29,4679.43645768965,4678.765897697813,金叉,248.41666666666666,16.93000000000029
500,2025-10-07 14:30:00,4592.84,4674.744204208434,4682.687283160676,死叉,248.60416666666666,94.44999999999982
501,2025-10-08 17:00:00,4539.36,4485.692203631493,4481.017216260582,金叉,249.70833333333334,53.48000000000047
502,2025-10-09 02:00:00,4447.45,4493.685416836517,4500.439852848,死叉,250.08333333333334,91.90999999999985
503,2025-10-09 23:30:00,4368.09,4357.168651269231,4356.577178170854,金叉,250.97916666666666,79.35999999999967
504,2025-10-10 04:30:00,4344.49,4359.228358930769,4361.154357603628,死叉,251.1875,23.600000000000364
505,2025-10-12 04:30:00,3801.9,3770.0348391026973,3769.3278570067773,金叉,253.1875,542.5899999999997
506,2025-10-13 11:30:00,4080.39,4125.489500096675,4128.51183070719,死叉,254.47916666666666,278.4899999999998
507,2025-10-13 16:00:00,4152.48,4126.518850843312,4125.444996992502,金叉,254.66666666666666,72.08999999999969
508,2025-10-14 03:00:00,4141.33,4201.386958445304,4204.633219307505,死叉,255.125,11.149999999999636
